																																																																																																																																																																																																																																																															
																																																																																																																																																																																																																																																															
																																																																																																																																																																																																																																																															
																																																																																																																																																																																																																																																															
																																																																																																																																																																																																																																																															
																																																																																																																																																																																																																																																															
																																																																																																																																																																																																																																																															
																																																																																																																																																																																																																																																															
																																																																																																																																																																																																																																																															
																																																																																																																																																																																																																																																															
																																																																																																																																																																																																																																																															
																																																																																																																																																																																																																																																															
																																																																																																																																																																																																																																																															
																																																																																																																																																																																																																																																															
																																																																																																																																																																																																																																																															
																																																																																																																																																																																																																																																															
																																																																																																																																																																																																																																																															
																																																																																																																																																																																																																																																															
																																																																																																																																																																																																																																																															
																																																																																																																																																																																																																																																															
																																																																																																																																																																																																																																																															
																																																																																																																																																																																																																																																															
																																																																																																																																																																																																																																																															
																																																																																																																																																																																																																																																															
																																																																																																																																																																																																																																																															
																																																																																																																																																																																																																																																															
																																																																																																																																																																																																																																																															
																																																																																																																																																																																																																																																															
																																																																																																																																																																																																																																																															
																																																																																																																																																																																																																																																															
																																																																																																																																																																																																																																																															
																																																																																																																																																																																																																																																															
																																																																																																																																																																																																																																																															
																																																																																																																																																																																																																																																															
																																																																																																																																																																																																																																																															
																																																																																																																																																																																																																																																															
																																																																																																																																																																																																																																																															
																																																																																																																																																																																																																																																															
																																																																																																																																																																																																																																																															
																																																																																																																																																																																																																																																															
																																																																																																																																																																																																																																																															
																																																																																																																																																																																																																																																															
																																																																																																																																																																																																																																																															
																																																																																																																																																																																																																																																															
																																																																																																																																																																																																																																																															
																																																																																																																																																																																																																																																															
																																																																																																																																																																																																																																																															
																																																																																																																																																																																																																																																															
																																																																																																																																																																																																																																																															
																																																																																																																																																																																																																																																															
																																																																																																																																																																																																																																																															
																																																																																																																																																																																																																																																															
																																																																																																																																																																																																																																																															
																																																																																																																																																																																																																																																															
																																																																																																																																																																																																																																																															
																																																																																																																																																																																																																																																															
																																																																																																																																																																																																																																																															
																																																																																																																																																																																																																																																															
																																																																																																																																																																																																																																																															
																																																																																																																																																																																																																																																															
																																																																																																																																																																																																																																																															
																																																																																																																																																																																																																																																															
																																																																																																																																																																																																																																																															
																																																																																																																																																																																																																																																															
																																																																																																																																																																																																																																																															
																																																																																																																																																																																																																																																															
																																																																																																																																																																																																																																																															
																																																																																																																																																																																																																																																															
																																																																																																																																																																																																																																																															
																																																																																																																																																																																																																																																															
																																																																																																																																																																																																																																																															
																																																																																																																																																																																																																																																															
																																																																																																																																																																																																																																																															
																																																																																																																																																																																																																																																															
																																																																																																																																																																																																																																																															
																																																																																																																																																																																																																																																															
																																																																																																																																																																																																																																																															
																																																																																																																																																																																																																																																															
																																																																																																																																																																																																																																																															
																																																																																																																																																																																																																																																															
																																																																																																																																																																																																																																																															
																																																																																																																																																																																																																																																															
																																																																																																																																																																																																																																																															
																																																																																																																																																																																																																																																															
																																																																																																																																																																																																																																																															
																																																																																																																																																																																																																																																															
																																																																																																																																																																																																																																																															
																																																																																																																																																																																																																																																															
																																																																																																																																																																																																																																																															
																																																																																																																																																																																																																																																															
																																																																																																																																																																																																																																																															
																																																																																																																																																																																																																																																															
																																																																																																																																																																																																																																																															
																																																																																																																																																																																																																																																															
																																																																																																																																																																																																																																																															
																																																																																																																																																																																																																																																															
																																																																																																																																																																																																																																																															
																																																																																																																																																																																																																																																															
																																																																																																																																																																																																																																																															
																																																																																																																																																																																																																																																															
																																																																																																																																																																																																																																																															
																																																																																																																																																																																																																																																															
																																																																																																																																																																																																																																																															
																																																																																																																																																																																																																																																															
																																																																																																																																																																																																																																																															
																																																																																																																																																																																																																																																															
																																																																																																																																																																																																																																																															
																																																																																																																																																																																																																																																															
																																																																																																																																																																																																																																																															
																																																																																																																																																																																																																																																															
																																																																																																																																																																																																																																																															
																																																																																																																																																																																																																																																															
																																																																																																																																																																																																																																																															
																																																																																																																																																																																																																																																															
																																																																																																																																																																																																																																																															
																																																																																																																																																																																																																																																															
																																																																																																																																																																																																																																																															
																																																																																																																																																																																																																																																															
																																																																																																																																																																																																																																																															
																																																																																																																																																																																																																																																															
																																																																																																																																																																																																																																																															
																																																																																																																																																																																																																																																															
																																																																																																																																																																																																																																																															
																																																																																																																																																																																																																																																															
																																																																																																																																																																																																																																																															
																																																																																																																																																																																																																																																															
																																																																																																																																																																																																																																																															
																																																																																																																																																																																																																																																															
																																																																																																																																																																																																																																																															
																																																																																																																																																																																																																																																															
																																																																																																																																																																																																																																																															
																																																																																																																																																																																																																																																															
																																																																																																																																																																																																																																																															
																																																																																																																																																																																																																																																															
																																																																																																																																																																																																																																																															
																																																																																																																																																																																																																																																															
																																																																																																																																																																																																																																																															
																																																																																																																																																																																																																																																															
																																																																																																																																																																																																																																																															
																																																																																																																																																																																																																																																															
																																																																																																																																																																																																																																																															
																																																																																																																																																																																																																																																															
																																																																																																																																																																																																																																																															
																																																																																																																																																																																																																																																															
																																																																																																																																																																																																																																																															
																																																																																																																																																																																																																																																															
																																																																																																																																																																																																																																																															
																																																																																																																																																																																																																																																					76.00	81.00	81.00								
																																																																																																																																																																																																																																																					76.00	81.00	81.00								
																																																																																																																																																																																																																																																			71.00	71.00	76.00	81.00	81.00	87.00	87.00						
																																																																																																																																																																																																																																																			71.00	71.00	76.00	81.00	81.00	87.00	87.00						
																																																																																																																																																																																																																																																			71.00	71.00	76.00	81.00	81.00	87.00	87.00						
																																																																																																																																																																																																																																																			71.00	71.00	76.00	81.00	81.00	87.00	87.00						
																																																																																																																																																																																																																																																		61.00	67.00	67.00	74.00	81.00	81.00	88.00	88.00						
																																																																																																																																																																																																																																																		61.00	67.00	67.00	74.00	81.00	81.00	88.00	88.00						
																																																																																																																																																																																																																																																		61.00	67.00	67.00	74.00	81.00	81.00	88.00	88.00	97.00	107.00				
																																																																																																																																																																																																																																																		61.00	67.00	67.00	74.00	81.00	81.00	88.00	88.00	97.00	107.00				
																																																																																																																																																																																																																																																		61.00	67.00	67.00	74.00	81.00	81.00	88.00	88.00	97.00	107.00				
																																																																																																																																																																																																																																																															
																																																																																																																																																																																																																																																															
																																																																																																																																																																																																																																																															
																																																																																																																																																																																																																																																															
																																																																																																																																																																																																																																																															
																																																																																																																																																																																																																																																															
																																																																																																																																																																																																																																																															
																																																																																																																																																																																																																																																															
																																																																																																																																																																																																																																																															
																																																																																																																																																																																																																																																															
																																																																																																																																																																																																																																																															
																																																																																																																																																																																																																																																															
																																																																																																																																																																																																																																																															
																																																																																																																																																																																																																																																														116.00	125.00
																																																																																																																																																																																																																																																														116.00	125.00
																																																																																																																																																																																																																																																												86.00	92.00	99.00	105.00
																																																																																																																																																																																																																																																												86.00	92.00	99.00	105.00
																																																																																																																																																																																																																																																										80.00	86.00	86.00	92.00	99.00	105.00
																																																																																																																																																																																																																																																										80.00	86.00	86.00	92.00	99.00	105.00
																																																																																																																																																																																																																																																										80.00	86.00	86.00	92.00	99.00	105.00
																																																																																																																																																																																																																																																											71.00	71.00	75.00		
																																																																																																																																																																																																																																																											71.00	71.00	75.00		
																																																																																																																																																																																																																																																											71.00	71.00	75.00		
																																																																																																																																																																																																																																																															
																																																																																																																																																																																																																																																															
																																																																																																																																																																																																																																																															
																																																																																																																																																																																																																																																															
																																																																																																																																																																																																																																																															
																																																																																																																																																																																																																																																															
																																																																																																																																																																																																																																																															
																																																																																																																																																																																																																																																															
																																																																																																																																																																																																																																																															
																																																																																																																																																																																																																																																															
																																																																																																																																																																																																																																																															
																																																																																																																																																																																																																																																															
																																																																																																																																																																																																																																																															
																																																																																																																																																																																																																																																															
																																																																																																																																																																																																																																																															
																																																																																																																																																																																																																																																															
																																																																																																																																																																																																																																																															
																																																																																																																																																																																																																																																															
																																																																																																																																																																																																																																																															
																																																																																																																																																																																																																																																															
																																																																																																																																																																																																																																																															
																																																																																																																																																																																																																																																															
																																																																																																																																																																																																																																																															
																																																																																																																																																																																																																																																															
																																																																																																																																																																																																																																																															
																																																																																																																																																																																																																																																															
																																																																																																																																																																																																																																																															
																																																																																																																																																																																																																																																															
																																																																																																																																																																																																																																																															
																																																																																																																																																																																																																																																															
																																																																																																																																																																																																																																																															
																																																																																																																																																																																																																																																															
																																																																																																																																																																																																																																																															
																																																																																																																																																																																																																																																															
																																																																																																																																																																																																																																																															
																																																																																																																																																																																																																																																															
																																																																																																																																																																																																																																																															
																																																																																																																																																																																																																																																															
																																																																																																																																																																																																																																																															
																																																																																																																																																																																																																																																															
																																																																																																																																																																																																																																																															
																																																																																																																																																																																																																																																															
																																																																																																																																																																																																																																														73.00	73.00	73.00	73.00	73.00	72.00	72.00	72.00	72.00									
																																																																																																																																																																																																																																														73.00	73.00	73.00	73.00	73.00	72.00	72.00	72.00	72.00									
																																																																																																																																																																																																																																														73.00	73.00	73.00	73.00	73.00	72.00	72.00	72.00	72.00									
																																																																																																																																																																																																																																				75.00	75.00	73.00	73.00	73.00	73.00	73.00	73.00	73.00	73.00	73.00	73.00	73.00	73.00	73.00	72.00	72.00	72.00	72.00	72.00	71.00	71.00	70.00					
																																																																																																																																																																																																																																				75.00	75.00	73.00	73.00	73.00	73.00	73.00	73.00	73.00	73.00	73.00	73.00	73.00	73.00	73.00	72.00	72.00	72.00	72.00	72.00	71.00	71.00	70.00					
																																																																																																																																																																																																																													93.00	92.00	92.00	92.00	91.00	91.00	89.00	87.00	87.00	85.00	85.00	84.00	84.00	85.00	85.00	86.00	87.00	87.00	87.00	87.00	86.00	86.00	85.00	85.00	85.00	84.00	84.00	83.00	83.00	82.00	80.00	80.00	79.00		
																																																																																																																																																																																																																													93.00	92.00	92.00	92.00	91.00	91.00	89.00	87.00	87.00	85.00	85.00	84.00	84.00	85.00	85.00	86.00	87.00	87.00	87.00	87.00	86.00	86.00	85.00	85.00	85.00	84.00	84.00	83.00	83.00	82.00	80.00	80.00	79.00		
																																																																																																																																																																																																																													93.00	92.00	92.00	92.00	91.00	91.00	89.00	87.00	87.00	85.00	85.00	84.00	84.00	85.00	85.00	86.00	87.00	87.00	87.00	87.00	86.00	86.00	85.00	85.00	85.00	84.00	84.00	83.00	83.00	82.00	80.00	80.00	79.00		
																																																																																																																																																																																																																											93.00	93.00	93.00	92.00	92.00	92.00	91.00	91.00	89.00	87.00	87.00	85.00	85.00	84.00	84.00	85.00	85.00	86.00	87.00	87.00	87.00	87.00	86.00	86.00	85.00	85.00	85.00	84.00	84.00	83.00	83.00	82.00	80.00	80.00	79.00	77.00	
																																																																																																																																																																																																																											93.00	93.00	93.00	92.00	92.00	92.00	91.00	91.00	89.00	87.00	87.00	85.00	85.00	84.00	84.00	85.00	85.00	86.00	87.00	87.00	87.00	87.00	86.00	86.00	85.00	85.00	85.00	84.00	84.00	83.00	83.00	82.00	80.00	80.00	79.00	77.00	
																																																																																																																																																																																																																											93.00	93.00	93.00	92.00	92.00	92.00	91.00	91.00	89.00	87.00	87.00	85.00	85.00	84.00	84.00	85.00	85.00	86.00	87.00	87.00	87.00	87.00	86.00	86.00	85.00	85.00	85.00	84.00	84.00	83.00	83.00	82.00	80.00	80.00	79.00	77.00	
																																																																																																																																																																																																																										98.00	98.00	98.00	98.00	98.00	98.00	98.00	98.00	98.00	99.00	99.00	99.00	100.00	100.00	100.00	100.00	100.00	100.00	100.00	100.00	100.00	99.00	99.00	99.00	99.00	99.00	99.00	98.00	98.00	98.00	97.00	97.00	95.00	93.00	93.00	90.00	88.00	84.00
																																																																																																																																																																																																																										98.00	98.00	98.00	98.00	98.00	98.00	98.00	98.00	98.00	99.00	99.00	99.00	100.00	100.00	100.00	100.00	100.00	100.00	100.00	100.00	100.00	99.00	99.00	99.00	99.00	99.00	99.00	98.00	98.00	98.00	97.00	97.00	95.00	93.00	93.00	90.00	88.00	84.00
																																																																																																																																																																																																																									98.00	98.00	98.00	98.00	98.00	98.00	98.00	98.00	98.00	98.00	99.00	99.00	99.00	100.00	100.00	100.00	100.00	100.00	100.00	100.00	100.00	100.00	99.00	99.00	99.00	99.00	99.00	99.00	98.00	98.00	98.00	97.00	97.00	95.00	93.00	93.00	90.00	88.00	84.00
																																																																																																																																																																																																																									98.00	98.00	98.00	98.00	98.00	98.00	98.00	98.00	98.00	98.00	99.00	99.00	99.00	100.00	100.00	100.00	100.00	100.00	100.00	100.00	100.00	100.00	99.00	99.00	99.00	99.00	99.00	99.00	98.00	98.00	98.00	97.00	97.00	95.00	93.00	93.00	90.00	88.00	84.00
																																																																																																																																																																																																																									98.00	98.00	98.00	98.00	98.00	98.00	98.00	98.00	98.00	98.00	99.00	99.00	99.00	100.00	100.00	100.00	100.00	100.00	100.00	100.00	100.00	100.00	99.00	99.00	99.00	99.00	99.00	99.00	98.00	98.00	98.00	97.00	97.00	95.00	93.00	93.00	90.00	88.00	84.00
																																																																																																																																																																																																																							93.00	95.00	95.00	97.00	98.00	98.00	100.00	102.00	103.00	103.00	105.00	105.00	107.00	107.00	107.00	108.00	108.00	109.00	109.00	109.00	109.00	110.00	110.00	110.00	111.00	111.00	112.00	112.00	113.00	113.00	112.00	112.00	112.00	111.00	111.00	109.00	106.00	106.00	103.00	100.00	96.00
																																																																																																																																																																																																																							93.00	95.00	95.00	97.00	98.00	98.00	100.00	102.00	103.00	103.00	105.00	105.00	107.00	107.00	107.00	108.00	108.00	109.00	109.00	109.00	109.00	110.00	110.00	110.00	111.00	111.00	112.00	112.00	113.00	113.00	112.00	112.00	112.00	111.00	111.00	109.00	106.00	106.00	103.00	100.00	96.00
																																																																																																																																																																																																																						93.00	93.00	95.00	95.00	97.00	98.00	98.00	100.00	102.00	103.00	103.00	105.00	105.00	107.00	107.00	107.00	108.00	108.00	109.00	109.00	109.00	109.00	110.00	110.00	110.00	111.00	111.00	112.00	112.00	113.00	113.00	112.00	112.00	112.00	111.00	111.00	109.00	106.00	106.00	103.00	100.00	96.00
																																																																																																																																																																																																																						93.00	93.00	95.00	95.00	97.00	98.00	98.00	100.00	102.00	103.00	103.00	105.00	105.00	107.00	107.00	107.00	108.00	108.00	109.00	109.00	109.00	109.00	110.00	110.00	110.00	111.00	111.00	112.00	112.00	113.00	113.00	112.00	112.00	112.00	111.00	111.00	109.00	106.00	106.00	103.00	100.00	96.00
																																																																																																																																																																																																																					76.00	78.00	78.00	82.00	82.00	86.00	91.00	91.00	95.00	100.00	105.00	105.00	110.00	110.00	114.00	116.00	116.00	118.00	118.00	121.00	121.00	123.00	123.00	124.00	126.00	126.00	127.00	127.00	128.00	129.00	130.00	130.00	129.00	127.00	127.00	126.00	126.00	124.00	120.00	120.00	117.00	114.00	110.00
																																																																																																																																																																																																																					76.00	78.00	78.00	82.00	82.00	86.00	91.00	91.00	95.00	100.00	105.00	105.00	110.00	110.00	114.00	116.00	116.00	118.00	118.00	121.00	121.00	123.00	123.00	124.00	126.00	126.00	127.00	127.00	128.00	129.00	130.00	130.00	129.00	127.00	127.00	126.00	126.00	124.00	120.00	120.00	117.00	114.00	110.00
																																																																																																																																																																																																																					76.00	78.00	78.00	82.00	82.00	86.00	91.00	91.00	95.00	100.00	105.00	105.00	110.00	110.00	114.00	116.00	116.00	118.00	118.00	121.00	121.00	123.00	123.00	124.00	126.00	126.00	127.00	127.00	128.00	129.00	130.00	130.00	129.00	127.00	127.00	126.00	126.00	124.00	120.00	120.00	117.00	114.00	110.00
																																																																																																																																																																																																																					76.00	78.00	78.00	82.00	82.00	86.00	91.00	91.00	95.00	100.00	105.00	105.00	110.00	110.00	114.00	116.00	116.00	118.00	118.00	121.00	121.00	123.00	123.00	124.00	126.00	126.00	127.00	127.00	128.00	129.00	130.00	130.00	129.00	127.00	127.00	126.00	126.00	124.00	120.00	120.00	117.00	114.00	110.00
																																																																																																																																																																																																																				74.00	76.00	78.00	78.00	82.00	82.00	86.00	91.00	91.00	95.00	100.00	105.00	105.00	110.00	110.00	114.00	116.00	116.00	118.00	118.00	121.00	121.00	123.00	123.00	124.00	126.00	126.00	127.00	127.00	128.00	129.00	130.00	130.00	129.00	127.00	127.00	126.00	126.00	124.00	120.00	120.00	117.00	114.00	110.00
																																																																																																																																																																																																																				74.00	76.00	78.00	78.00	82.00	82.00	86.00	91.00	91.00	95.00	100.00	105.00	105.00	110.00	110.00	114.00	116.00	116.00	118.00	118.00	121.00	121.00	123.00	123.00	124.00	126.00	126.00	127.00	127.00	128.00	129.00	130.00	130.00	129.00	127.00	127.00	126.00	126.00	124.00	120.00	120.00	117.00	114.00	110.00
																																																																																																																																																																																																																			73.00	73.00	74.00	74.00	74.00	76.00	76.00	80.00	84.00	84.00	87.00	94.00	102.00	102.00	110.00	110.00	118.00	123.00	123.00	128.00	128.00	138.00	138.00	140.00	140.00	141.00	143.00	143.00	145.00	145.00	145.00	145.00	145.00	145.00	145.00	143.00	143.00	141.00	141.00	140.00	137.00	137.00	133.00	129.00	126.00
																																																																																																																																																																																																																			73.00	73.00	74.00	74.00	74.00	76.00	76.00	80.00	84.00	84.00	87.00	94.00	102.00	102.00	110.00	110.00	118.00	123.00	123.00	128.00	128.00	138.00	138.00	140.00	140.00	141.00	143.00	143.00	145.00	145.00	145.00	145.00	145.00	145.00	145.00	143.00	143.00	141.00	141.00	140.00	137.00	137.00	133.00	129.00	126.00
																																																																																																																																																																																																																		72.00	73.00	73.00	74.00	74.00	74.00	76.00	76.00	80.00	84.00	84.00	87.00	94.00	102.00	102.00	110.00	110.00	118.00	123.00	123.00	128.00	128.00	138.00	138.00	140.00	140.00	141.00	143.00	143.00	145.00	145.00	145.00	145.00	145.00	145.00	145.00	143.00	143.00	141.00	141.00	140.00	137.00	137.00	133.00	129.00	126.00
																																																																																																																																																																																																																		72.00	73.00	73.00	74.00	74.00	74.00	76.00	76.00	80.00	84.00	84.00	87.00	94.00	102.00	102.00	110.00	110.00	118.00	123.00	123.00	128.00	128.00	138.00	138.00	140.00	140.00	141.00	143.00	143.00	145.00	145.00	145.00	145.00	145.00	145.00	145.00	143.00	143.00	141.00	141.00	140.00	137.00	137.00	133.00	129.00	126.00
																																																																																																																																																																																																																		72.00	73.00	73.00	74.00	74.00	74.00	76.00	76.00	80.00	84.00	84.00	87.00	94.00	102.00	102.00	110.00	110.00	118.00	123.00	123.00	128.00	128.00	138.00	138.00	140.00	140.00	141.00	143.00	143.00	145.00	145.00	145.00	145.00	145.00	145.00	145.00	143.00	143.00	141.00	141.00	140.00	137.00	137.00	133.00	129.00	126.00
																																																																																																																																																																																																																	76.00	79.00	80.00	80.00	81.00	82.00	82.00	84.00	84.00	88.00	92.00	92.00	96.00	102.00	111.00	111.00	120.00	120.00	129.00	137.00	137.00	143.00	143.00	155.00	155.00	157.00	157.00	159.00	161.00	161.00	162.00	162.00	163.00	164.00	164.00	164.00	164.00	162.00	162.00	160.00	160.00	158.00	154.00	154.00	150.00	146.00	142.00
																																																																																																																																																																																																																	76.00	79.00	80.00	80.00	81.00	82.00	82.00	84.00	84.00	88.00	92.00	92.00	96.00	102.00	111.00	111.00	120.00	120.00	129.00	137.00	137.00	143.00	143.00	155.00	155.00	157.00	157.00	159.00	161.00	161.00	162.00	162.00	163.00	164.00	164.00	164.00	164.00	162.00	162.00	160.00	160.00	158.00	154.00	154.00	150.00	146.00	142.00